label,class_id,class_name
0,0000,0000
1,0001,0001
2,0002,0002
3,0003,0003
4,0004,0004
5,0005,0005
6,0006,0006
7,0007,0007
8,0008,0008
9,0009,0009
10,0010,0010
11,0011,0011
12,0012,0012
13,0013,0013
14,0014,0014
15,0015,0015
16,0016,0016
17,0017,0017
18,0018,0018
19,0019,0019
20,0020,0020
21,0021,0021
22,0022,0022
23,0023,0023
24,0024,0024
25,0025,0025
26,0026,0026
27,0027,0027
28,0028,0028
29,0029,0029
30,0030,0030
31,0031,0031
32,0032,0032
33,0033,0033
34,0034,0034
35,0035,0035
36,0036,0036
37,0037,0037
38,0038,0038
39,0039,0039
40,0040,0040
41,0041,0041
42,0042,0042
43,0043,0043
44,0044,0044
45,0045,0045
46,0046,0046
47,0047,0047
48,0048,0048
49,0049,0049
50,0050,0050
51,0051,0051
52,0052,0052
53,0053,0053
54,0054,0054
55,0055,0055
56,0056,0056
57,0057,0057
58,0058,0058
59,0059,0059
60,0060,0060
61,0061,0061
62,0062,0062
63,0063,0063
64,0064,0064
65,0065,0065
66,0066,0066
67,0067,0067
68,0068,0068
69,0069,0069
70,0070,0070
71,0071,0071
72,0072,0072
73,0073,0073
74,0074,0074
75,0075,0075
76,0076,0076
77,0077,0077
78,0078,0078
79,0079,0079
80,0080,0080
81,0081,0081
82,0082,0082
83,0083,0083
84,0084,0084
85,0085,0085
86,0086,0086
87,0087,0087
88,0088,0088
89,0089,0089
90,0090,0090
91,0091,0091
92,0092,0092
93,0093,0093
94,0094,0094
95,0095,0095
96,0096,0096
97,0097,0097
98,0098,0098
99,0099,0099
100,0100,0100
101,0101,0101
102,0102,0102
103,0103,0103
104,0104,0104
105,0105,0105
106,0106,0106
107,0107,0107
108,0108,0108
109,0109,0109
110,0110,0110
111,0111,0111
112,0112,0112
113,0113,0113
114,0114,0114
115,0115,0115
116,0116,0116
117,0117,0117
118,0118,0118
119,0119,0119
120,0120,0120
121,0121,0121
122,0122,0122
123,0123,0123
124,0124,0124
125,0125,0125
126,0126,0126
127,0127,0127
128,0128,0128
129,0129,0129
130,0130,0130
131,0131,0131
132,0132,0132
133,0133,0133
134,0134,0134
135,0135,0135
136,0136,0136
137,0137,0137
138,0138,0138
139,0139,0139
140,0140,0140
141,0141,0141
142,0142,0142
143,0143,0143
144,0144,0144
145,0145,0145
146,0146,0146
147,0147,0147
148,0148,0148
149,0149,0149
150,0150,0150
151,0151,0151
152,0152,0152
153,0153,0153
154,0154,0154
155,0155,0155
156,0156,0156
157,0157,0157
158,0158,0158
159,0159,0159
160,0160,0160
161,0161,0161
162,0162,0162
163,0163,0163
164,0164,0164
165,0165,0165
166,0166,0166
167,0167,0167
168,0168,0168
169,0169,0169
170,0170,0170
171,0171,0171
172,0172,0172
173,0173,0173
174,0174,0174
175,0175,0175
176,0176,0176
177,0177,0177
178,0178,0178
179,0179,0179
180,0180,0180
181,0181,0181
182,0182,0182
183,0183,0183
184,0184,0184
185,0185,0185
186,0186,0186
187,0187,0187
188,0188,0188
189,0189,0189
190,0190,0190
191,0191,0191
192,0192,0192
193,0193,0193
194,0194,0194
195,0195,0195
196,0196,0196
197,0197,0197
198,0198,0198
199,0199,0199
200,0200,0200
201,0201,0201
202,0202,0202
203,0203,0203
204,0204,0204
205,0205,0205
206,0206,0206
207,0207,0207
208,0208,0208
209,0209,0209
210,0210,0210
211,0211,0211
212,0212,0212
213,0213,0213
214,0214,0214
215,0215,0215
216,0216,0216
217,0217,0217
218,0218,0218
219,0219,0219
220,0220,0220
221,0221,0221
222,0222,0222
223,0223,0223
224,0224,0224
225,0225,0225
226,0226,0226
227,0227,0227
228,0228,0228
229,0229,0229
230,0230,0230
231,0231,0231
232,0232,0232
233,0233,0233
234,0234,0234
235,0235,0235
236,0236,0236
237,0237,0237
238,0238,0238
239,0239,0239
240,0240,0240
241,0241,0241
242,0242,0242
243,0243,0243
244,0244,0244
245,0245,0245
246,0246,0246
247,0247,0247
248,0248,0248
249,0249,0249
250,0250,0250
251,0251,0251
252,0252,0252
253,0253,0253
254,0254,0254
255,0255,0255
256,0256,0256
257,0257,0257
258,0258,0258
259,0259,0259
260,0260,0260
261,0261,0261
262,0262,0262
263,0263,0263
264,0264,0264
265,0265,0265
266,0266,0266
267,0267,0267
268,0268,0268
269,0269,0269
270,0270,0270
271,0271,0271
272,0272,0272
273,0273,0273
274,0274,0274
275,0275,0275
276,0276,0276
277,0277,0277
278,0278,0278
279,0279,0279
280,0280,0280
281,0281,0281
282,0282,0282
283,0283,0283
284,0284,0284
285,0285,0285
286,0286,0286
287,0287,0287
288,0288,0288
289,0289,0289
290,0290,0290
291,0291,0291
292,0292,0292
293,0293,0293
294,0294,0294
295,0295,0295
296,0296,0296
297,0297,0297
298,0298,0298
299,0299,0299
300,0300,0300
301,0301,0301
302,0302,0302
303,0303,0303
304,0304,0304
305,0305,0305
306,0306,0306
307,0307,0307
308,0308,0308
309,0309,0309
310,0310,0310
311,0311,0311
312,0312,0312
313,0313,0313
314,0314,0314
315,0315,0315
316,0316,0316
317,0317,0317
318,0318,0318
319,0319,0319
320,0320,0320
321,0321,0321
322,0322,0322
323,0323,0323
324,0324,0324
325,0325,0325
326,0326,0326
327,0327,0327
328,0328,0328
329,0329,0329
330,0330,0330
331,0331,0331
332,0332,0332
333,0333,0333
334,0334,0334
335,0335,0335
336,0336,0336
337,0337,0337
338,0338,0338
339,0339,0339
340,0340,0340
341,0341,0341
342,0342,0342
343,0343,0343
344,0344,0344
345,0345,0345
346,0346,0346
347,0347,0347
348,0348,0348
349,0349,0349
350,0350,0350
351,0351,0351
352,0352,0352
353,0353,0353
354,0354,0354
355,0355,0355
356,0356,0356
357,0357,0357
358,0358,0358
359,0359,0359
360,0360,0360
361,0361,0361
362,0362,0362
363,0363,0363
364,0364,0364
365,0365,0365
366,0366,0366
367,0367,0367
368,0368,0368
369,0369,0369
370,0370,0370
371,0371,0371
372,0372,0372
373,0373,0373
374,0374,0374
375,0375,0375
376,0376,0376
377,0377,0377
378,0378,0378
379,0379,0379
380,0380,0380
381,0381,0381
382,0382,0382
383,0383,0383
384,0384,0384
385,0385,0385
386,0386,0386
387,0387,0387
388,0388,0388
389,0389,0389
390,0390,0390
391,0391,0391
392,0392,0392
393,0393,0393
394,0394,0394
395,0395,0395
396,0396,0396
397,0397,0397
398,0398,0398
399,0399,0399
400,0400,0400
401,0401,0401
402,0402,0402
403,0403,0403
404,0404,0404
405,0405,0405
406,0406,0406
407,0407,0407
408,0408,0408
409,0409,0409
410,0410,0410
411,0411,0411
412,0412,0412
413,0413,0413
414,0414,0414
415,0415,0415
416,0416,0416
417,0417,0417
418,0418,0418
419,0419,0419
420,0420,0420
421,0421,0421
422,0422,0422
423,0423,0423
424,0424,0424
425,0425,0425
426,0426,0426
427,0427,0427
428,0428,0428
429,0429,0429
430,0430,0430
431,0431,0431
432,0432,0432
433,0433,0433
434,0434,0434
435,0435,0435
436,0436,0436
437,0437,0437
438,0438,0438
439,0439,0439
440,0440,0440
441,0441,0441
442,0442,0442
443,0443,0443
444,0444,0444
445,0445,0445
446,0446,0446
447,0447,0447
448,0448,0448
449,0449,0449
450,0450,0450
451,0451,0451
452,0452,0452
453,0453,0453
454,0454,0454
455,0455,0455
456,0456,0456
457,0457,0457
458,0458,0458
459,0459,0459
460,0460,0460
461,0461,0461
462,0462,0462
463,0463,0463
464,0464,0464
465,0465,0465
466,0466,0466
467,0467,0467
468,0468,0468
469,0469,0469
470,0470,0470
471,0471,0471
472,0472,0472
473,0473,0473
474,0474,0474
475,0475,0475
476,0476,0476
477,0477,0477
478,0478,0478
479,0479,0479
480,0480,0480
481,0481,0481
482,0482,0482
483,0483,0483
484,0484,0484
485,0485,0485
486,0486,0486
487,0487,0487
488,0488,0488
489,0489,0489
490,0490,0490
491,0491,0491
492,0492,0492
493,0493,0493
494,0494,0494
495,0495,0495
496,0496,0496
497,0497,0497
498,0498,0498
499,0499,0499
500,0500,0500
501,0501,0501
502,0502,0502
503,0503,0503
504,0504,0504
505,0505,0505
506,0506,0506
507,0507,0507
508,0508,0508
509,0509,0509
510,0510,0510
511,0511,0511
512,0512,0512
513,0513,0513
514,0514,0514
515,0515,0515
516,0516,0516
517,0517,0517
518,0518,0518
519,0519,0519
520,0520,0520
521,0521,0521
522,0522,0522
523,0523,0523
524,0524,0524
525,0525,0525
526,0526,0526
527,0527,0527
528,0528,0528
529,0529,0529
530,0530,0530
531,0531,0531
532,0532,0532
533,0533,0533
534,0534,0534
535,0535,0535
536,0536,0536
537,0537,0537
538,0538,0538
539,0539,0539
540,0540,0540
541,0541,0541
542,0542,0542
543,0543,0543
544,0544,0544
545,0545,0545
546,0546,0546
547,0547,0547
548,0548,0548
549,0549,0549
550,0550,0550
551,0551,0551
552,0552,0552
553,0553,0553
554,0554,0554
555,0555,0555
556,0556,0556
557,0557,0557
558,0558,0558
559,0559,0559
560,0560,0560
561,0561,0561
562,0562,0562
563,0563,0563
564,0564,0564
565,0565,0565
566,0566,0566
567,0567,0567
568,0568,0568
569,0569,0569
570,0570,0570
571,0571,0571
572,0572,0572
573,0573,0573
574,0574,0574
575,0575,0575
576,0576,0576
577,0577,0577
578,0578,0578
579,0579,0579
580,0580,0580
581,0581,0581
582,0582,0582
583,0583,0583
584,0584,0584
585,0585,0585
586,0586,0586
587,0587,0587
588,0588,0588
589,0589,0589
590,0590,0590
591,0591,0591
592,0592,0592
593,0593,0593
594,0594,0594
595,0595,0595
596,0596,0596
597,0597,0597
598,0598,0598
599,0599,0599
600,0600,0600
601,0601,0601
602,0602,0602
603,0603,0603
604,0604,0604
605,0605,0605
606,0606,0606
607,0607,0607
608,0608,0608
609,0609,0609
610,0610,0610
611,0611,0611
612,0612,0612
613,0613,0613
614,0614,0614
615,0615,0615
616,0616,0616
617,0617,0617
618,0618,0618
619,0619,0619
620,0620,0620
621,0621,0621
622,0622,0622
623,0623,0623
624,0624,0624
625,0625,0625
626,0626,0626
627,0627,0627
628,0628,0628
629,0629,0629
630,0630,0630
631,0631,0631
632,0632,0632
633,0633,0633
634,0634,0634
635,0635,0635
636,0636,0636
637,0637,0637
638,0638,0638
639,0639,0639
640,0640,0640
641,0641,0641
642,0642,0642
643,0643,0643
644,0644,0644
645,0645,0645
646,0646,0646
647,0647,0647
648,0648,0648
649,0649,0649
650,0650,0650
651,0651,0651
652,0652,0652
653,0653,0653
654,0654,0654
655,0655,0655
656,0656,0656
657,0657,0657
658,0658,0658
659,0659,0659
660,0660,0660
661,0661,0661
662,0662,0662
663,0663,0663
664,0664,0664
665,0665,0665
666,0666,0666
667,0667,0667
668,0668,0668
669,0669,0669
670,0670,0670
671,0671,0671
672,0672,0672
673,0673,0673
674,0674,0674
675,0675,0675
676,0676,0676
677,0677,0677
678,0678,0678
679,0679,0679
680,0680,0680
681,0681,0681
682,0682,0682
683,0683,0683
684,0684,0684
685,0685,0685
686,0686,0686
687,0687,0687
688,0688,0688
689,0689,0689
690,0690,0690
691,0691,0691
692,0692,0692
693,0693,0693
694,0694,0694
695,0695,0695
696,0696,0696
697,0697,0697
698,0698,0698
699,0699,0699
700,0700,0700
701,0701,0701
702,0702,0702
703,0703,0703
704,0704,0704
705,0705,0705
706,0706,0706
707,0707,0707
708,0708,0708
709,0709,0709
710,0710,0710
711,0711,0711
712,0712,0712
713,0713,0713
714,0714,0714
715,0715,0715
716,0716,0716
717,0717,0717
718,0718,0718
719,0719,0719
720,0720,0720
721,0721,0721
722,0722,0722
723,0723,0723
724,0724,0724
725,0725,0725
726,0726,0726
727,0727,0727
728,0728,0728
729,0729,0729
730,0730,0730
731,0731,0731
732,0732,0732
733,0733,0733
734,0734,0734
735,0735,0735
736,0736,0736
737,0737,0737
738,0738,0738
739,0739,0739
740,0740,0740
741,0741,0741
742,0742,0742
743,0743,0743
744,0744,0744
745,0745,0745
746,0746,0746
747,0747,0747
748,0748,0748
749,0749,0749
750,0750,0750
751,0751,0751
752,0752,0752
753,0753,0753
754,0754,0754
755,0755,0755
756,0756,0756
757,0757,0757
758,0758,0758
759,0759,0759
760,0760,0760
761,0761,0761
762,0762,0762
763,0763,0763
764,0764,0764
765,0765,0765
766,0766,0766
767,0767,0767
768,0768,0768
769,0769,0769
770,0770,0770
771,0771,0771
772,0772,0772
773,0773,0773
774,0774,0774
775,0775,0775
776,0776,0776
777,0777,0777
778,0778,0778
779,0779,0779
780,0780,0780
781,0781,0781
782,0782,0782
783,0783,0783
784,0784,0784
785,0785,0785
786,0786,0786
787,0787,0787
788,0788,0788
789,0789,0789
790,0790,0790
791,0791,0791
792,0792,0792
793,0793,0793
794,0794,0794
795,0795,0795
796,0796,0796
797,0797,0797
798,0798,0798
799,0799,0799
800,0800,0800
801,0801,0801
802,0802,0802
803,0803,0803
804,0804,0804
805,0805,0805
806,0806,0806
807,0807,0807
808,0808,0808
809,0809,0809
810,0810,0810
811,0811,0811
812,0812,0812
813,0813,0813
814,0814,0814
815,0815,0815
816,0816,0816
817,0817,0817
818,0818,0818
819,0819,0819
820,0820,0820
821,0821,0821
822,0822,0822
823,0823,0823
824,0824,0824
825,0825,0825
826,0826,0826
827,0827,0827
828,0828,0828
829,0829,0829
830,0830,0830
831,0831,0831
832,0832,0832
833,0833,0833
834,0834,0834
835,0835,0835
836,0836,0836
837,0837,0837
838,0838,0838
839,0839,0839
840,0840,0840
841,0841,0841
842,0842,0842
843,0843,0843
844,0844,0844
845,0845,0845
846,0846,0846
847,0847,0847
848,0848,0848
849,0849,0849
850,0850,0850
851,0851,0851
852,0852,0852
853,0853,0853
854,0854,0854
855,0855,0855
856,0856,0856
857,0857,0857
858,0858,0858
859,0859,0859
860,0860,0860
861,0861,0861
862,0862,0862
863,0863,0863
864,0864,0864
865,0865,0865
866,0866,0866
867,0867,0867
868,0868,0868
869,0869,0869
870,0870,0870
871,0871,0871
872,0872,0872
873,0873,0873
874,0874,0874
875,0875,0875
876,0876,0876
877,0877,0877
878,0878,0878
879,0879,0879
880,0880,0880
881,0881,0881
882,0882,0882
883,0883,0883
884,0884,0884
885,0885,0885
886,0886,0886
887,0887,0887
888,0888,0888
889,0889,0889
890,0890,0890
891,0891,0891
892,0892,0892
893,0893,0893
894,0894,0894
895,0895,0895
896,0896,0896
897,0897,0897
898,0898,0898
899,0899,0899
900,0900,0900
901,0901,0901
902,0902,0902
903,0903,0903
904,0904,0904
905,0905,0905
906,0906,0906
907,0907,0907
908,0908,0908
909,0909,0909
910,0910,0910
911,0911,0911
912,0912,0912
913,0913,0913
914,0914,0914
915,0915,0915
916,0916,0916
917,0917,0917
918,0918,0918
919,0919,0919
920,0920,0920
921,0921,0921
922,0922,0922
923,0923,0923
924,0924,0924
925,0925,0925
926,0926,0926
927,0927,0927
928,0928,0928
929,0929,0929
930,0930,0930
931,0931,0931
932,0932,0932
933,0933,0933
934,0934,0934
935,0935,0935
936,0936,0936
937,0937,0937
938,0938,0938
939,0939,0939
940,0940,0940
941,0941,0941
942,0942,0942
943,0943,0943
944,0944,0944
945,0945,0945
946,0946,0946
947,0947,0947
948,0948,0948
949,0949,0949
950,0950,0950
951,0951,0951
952,0952,0952
953,0953,0953
954,0954,0954
955,0955,0955
956,0956,0956
957,0957,0957
958,0958,0958
959,0959,0959
960,0960,0960
961,0961,0961
962,0962,0962
963,0963,0963
964,0964,0964
965,0965,0965
966,0966,0966
967,0967,0967
968,0968,0968
969,0969,0969
970,0970,0970
971,0971,0971
972,0972,0972
973,0973,0973
974,0974,0974
975,0975,0975
976,0976,0976
977,0977,0977
978,0978,0978
979,0979,0979
980,0980,0980
981,0981,0981
982,0982,0982
983,0983,0983
984,0984,0984
985,0985,0985
986,0986,0986
987,0987,0987
988,0988,0988
989,0989,0989
990,0990,0990
991,0991,0991
992,0992,0992
993,0993,0993
994,0994,0994
995,0995,0995
996,0996,0996
997,0997,0997
998,0998,0998
999,0999,0999
